[
  {
    "id": "brainerd",
    "title": "Życie i Pamiętnik Dawida Brainerda",
    "author": "Jonathan Edwards",
    "file": "brainerd.md",
    "cover": "data/images/brainerd.jpg",
    "preview": "Biografia i duchowy dziennik Dawida Brainerda."
  },
  {
    "id": "sample-book",
    "title": "Маленький образец",
    "author": "Иван Иванов",
    "file": "sample-book.md",
    "cover": "data/images/sample-cover.jpg",
    "preview": "Короткая заметка: запомнить идею."
  }
]